Event,Class,Round,Pair,Lane,Driver,Car,Result,RT,60',330',660',660 MPH,1000',ET,MPH,Split 0-60,Split 60-330,Split 330-660,Split 660-1000,Split 1000-1320,Back half 660-1320,Back-half MPH gain,Clean run,Went away,ET rank,60' rank,330' rank,660' rank
Cornwell Quality Tools NHRA U.S. Nationals,Pro Mod,Q1,1,Right,Jimmy Widener,308W,,0.27,1.045,3.415,6.76,65.37,10.426,14.088,58.15,1.045,2.37,3.345,3.666,3.662,7.328,-7.22,no,0-60,19,,,
Cornwell Quality Tools NHRA U.S. Nationals,Pro Mod,Q1,2,Left,Peter Norton,311,,0.175,1.097,3.055,4.463,170.34,5.899,7.41,137.54,1.097,1.958,1.408,1.436,1.511,2.947,-32.8,no,0-60,13,,,
Cornwell Quality Tools NHRA U.S. Nationals,Pro Mod,Q1,2,Right,Shane Gray,54,,0.088,0.966,2.661,4.071,160.81,5.546,6.985,148.77,0.966,1.695,1.41,1.475,1.439,2.914,-12.04,no,330-660,12,1,11,
Cornwell Quality Tools NHRA U.S. Nationals,Pro Mod,Q1,3,Left,Paul Daigrepont,260,,0.075,0.974,2.629,4.042,161.96,5.512,6.95,149.3,0.974,1.655,1.413,1.47,1.438,2.908,-12.66,no,330-660,11,5,8,
Cornwell Quality Tools NHRA U.S. Nationals,Pro Mod,Q1,3,Right,Tony Wilson,211,,,,,,,,,,,,,,,,,no,0-60,,,,
Cornwell Quality Tools NHRA U.S. Nationals,Pro Mod,Q1,4,Left,Rickie Smith,43,,0.161,0.997,2.612,3.862,199.02,4.923,5.823,249.07,0.997,1.615,1.25,1.061,0.9,1.961,50.05,yes,,1,17,5,4
Cornwell Quality Tools NHRA U.S. Nationals,Pro Mod,Q1,4,Right,Nick Januik,729,,0.164,0.99,2.934,5.275,94.4,7.798,10.278,86.42,0.99,1.944,2.341,2.523,2.48,5.003,-7.98,no,60-330,17,12,,
Cornwell Quality Tools NHRA U.S. Nationals,Pro Mod,Q1,5,Left,Alex Laughlin,40,,0.04,0.994,2.873,4.701,133.66,6.377,7.953,139.44,0.994,1.879,1.828,1.676,1.576,3.252,5.78,no,60-330,14,16,,
Cornwell Quality Tools NHRA U.S. Nationals,Pro Mod,Q1,5,Right,Sidnei Frigo,288,,0.11,0.992,3.363,6.414,72.34,9.6,12.339,81.48,0.992,2.371,3.051,3.186,2.739,5.925,9.14,no,60-330,18,14,,
Cornwell Quality Tools NHRA U.S. Nationals,Pro Mod,Q1,6,Left,Mike Castellana,44,,0.103,0.992,2.637,3.901,202.7,5.101,6.27,183.94,0.992,1.645,1.264,1.2,1.169,2.369,-18.76,no,660-1000,7,15,10,8
Cornwell Quality Tools NHRA U.S. Nationals,Pro Mod,Q1,6,Right,Chip King,9,,0.19,0.972,2.961,5.301,100.2,7.495,9.391,117.65,0.972,1.989,2.34,2.194,1.896,4.09,17.45,no,60-330,15,3,,
Cornwell Quality Tools NHRA U.S. Nationals,Pro Mod,Q1,7,Left,JR Gray,1,,0.038,0.974,2.586,3.845,194.77,5.044,6.426,142.96,0.974,1.612,1.259,1.199,1.382,2.581,-51.81,no,660-1000,10,6,2,2
Cornwell Quality Tools NHRA U.S. Nationals,Pro Mod,Q1,7,Right,Kevin Rivenbark,225,,0.062,0.982,2.625,3.89,194.8,4.979,5.957,218.09,0.982,1.643,1.265,1.089,0.978,2.067,23.29,no,1000-1320,6,10,7,7
Cornwell Quality Tools NHRA U.S. Nationals,Pro Mod,Q1,8,Left,Mike Thielen,6911,,0.064,1.144,4.978,8.993,59.11,13.14,17.379,49.77,1.144,3.834,4.015,4.147,4.239,8.386,-9.34,no,0-60,20,,,
Cornwell Quality Tools NHRA U.S. Nationals,Pro Mod,Q1,8,Right,Stan Shelton,212,,0.068,0.973,2.872,5.145,98.35,7.494,9.843,90.74,0.973,1.899,2.273,2.349,2.349,4.698,-7.61,no,60-330,16,4,,
Cornwell Quality Tools NHRA U.S. Nationals,Pro Mod,Q1,9,Left,Lyle Barnett,205,,0.048,0.975,2.614,3.886,195.05,4.96,5.873,246.3,0.975,1.639,1.272,1.074,0.913,1.987,51.25,yes,,4,7,6,5
Cornwell Quality Tools NHRA U.S. Nationals,Pro Mod,Q1,9,Right,Jason Collins,209,,0.028,0.976,2.61,3.887,193.65,4.975,5.893,244.87,0.976,1.634,1.277,1.088,0.918,2.006,51.22,yes,,5,8,4,6
Cornwell Quality Tools NHRA U.S. Nationals,Pro Mod,Q1,10,Left,Justin Bond,6280,,0.03,0.991,2.607,3.855,197.19,4.93,5.837,247.34,0.991,1.616,1.248,1.075,0.907,1.982,50.15,yes,,2,13,3,3
Cornwell Quality Tools NHRA U.S. Nationals,Pro Mod,Q1,10,Right,Billy Banaka,2,,0.155,0.987,2.631,3.917,190.51,5.101,6.295,177.35,0.987,1.644,1.286,1.184,1.194,2.378,-13.16,no,660-1000,8,11,9,9
Cornwell Quality Tools NHRA U.S. Nationals,Pro Mod,Q1,11,Left,Mike Stavrinos,3,,0.014,0.968,2.565,3.826,196.16,4.911,5.84,239.1,0.968,1.597,1.261,1.085,0.929,2.014,42.94,yes,,3,2,1,1
Cornwell Quality Tools NHRA U.S. Nationals,Pro Mod,Q1,11,Right,Derek Menholt,5,,0.05,0.976,2.926,4.294,184.93,5.414,6.361,232.87,0.976,1.95,1.368,1.12,0.947,2.067,47.94,no,60-330,9,9,,
Cornwell Quality Tools NHRA U.S. Nationals,Pro Mod,Q2,1,Left,Tony Wilson,211,,0.108,0.973,3.032,5.599,85.68,8.396,11.171,76.94,0.973,2.059,2.567,2.797,2.775,5.572,-8.74,no,60-330,17,11,,
Cornwell Quality Tools NHRA U.S. Nationals,Pro Mod,Q2,2,Left,Jimmy Widener,308W,,0.147,1.245,2.921,4.203,193.38,5.292,6.293,213.33,1.245,1.676,1.282,1.089,1.001,2.09,19.95,no,0-60,13,,,
Cornwell Quality Tools NHRA U.S. Nationals,Pro Mod,Q2,2,Right,Mike Thielen,6911,,0.049,0.959,2.549,3.805,197.13,4.88,5.799,243.28,0.959,1.59,1.256,1.075,0.919,1.994,46.15,yes,,4,2,1,2
Cornwell Quality Tools NHRA U.S. Nationals,Pro Mod,Q2,3,Left,Sidnei Frigo,288,,0.07,0.985,2.597,3.84,196.13,4.908,5.809,250.37,0.985,1.612,1.243,1.068,0.901,1.969,54.24,yes,,6,16,10,10
Cornwell Quality Tools NHRA U.S. Nationals,Pro Mod,Q2,3,Right,Alex Laughlin,40,,0.03,0.967,2.561,3.82,196.53,4.896,5.811,245.4,0.967,1.594,1.259,1.076,0.915,1.991,48.87,yes,,7,8,3,5
Cornwell Quality Tools NHRA U.S. Nationals,Pro Mod,Q2,4,Left,Nick Januik,729,,0.109,0.963,2.574,3.835,196.24,4.909,5.813,248.52,0.963,1.611,1.261,1.074,0.904,1.978,52.28,yes,,8,4,7,6
Cornwell Quality Tools NHRA U.S. Nationals,Pro Mod,Q2,4,Right,Peter Norton,311,,0.05,0.984,2.62,3.892,193.57,4.988,5.918,241.76,0.984,1.636,1.272,1.096,0.93,2.026,48.19,yes,,12,15,12,12
Cornwell Quality Tools NHRA U.S. Nationals,Pro Mod,Q2,5,Left,Stan Shelton,212,,0.075,0.966,2.712,4.192,175.84,5.361,6.364,217.04,0.966,1.746,1.48,1.169,1.003,2.172,41.2,no,60-330,14,6,,
Cornwell Quality Tools NHRA U.S. Nationals,Pro Mod,Q2,5,Right,Paul Daigrepont,260,,0.044,1.128,4.998,7.897,92.11,10.495,13.213,78.15,1.128,3.87,2.899,2.598,2.718,5.316,-13.96,no,0-60,21,,,
Cornwell Quality Tools NHRA U.S. Nationals,Pro Mod,Q2,6,Left,Chip King,9,,0.178,0.957,2.58,3.839,197.16,4.911,5.815,248.8,0.957,1.623,1.259,1.072,0.904,1.976,51.64,yes,,9,1,8,9
Cornwell Quality Tools NHRA U.S. Nationals,Pro Mod,Q2,6,Right,JR Gray,1,,0.055,0.967,2.56,3.809,196.7,4.882,5.787,248.66,0.967,1.593,1.249,1.073,0.905,1.978,51.96,yes,,3,9,2,3
Cornwell Quality Tools NHRA U.S. Nationals,Pro Mod,Q2,7,Left,Shane Gray,54,,0.071,0.959,2.938,5.376,90.45,8.016,10.625,81.99,0.959,1.979,2.438,2.64,2.609,5.249,-8.46,no,60-330,16,3,,
Cornwell Quality Tools NHRA U.S. Nationals,Pro Mod,Q2,7,Right,Mike Castellana,44,,0.087,0.985,2.602,3.849,197.51,4.923,5.829,248.71,0.985,1.617,1.247,1.074,0.906,1.98,51.2,yes,,11,17,11,11
Cornwell Quality Tools NHRA U.S. Nationals,Pro Mod,Q2,8,Left,Derek Menholt,5,,0.032,1.099,4.181,6.975,85.62,9.659,12.432,76.1,1.099,3.082,2.794,2.684,2.773,5.457,-9.52,no,0-60,18,,,
Cornwell Quality Tools NHRA U.S. Nationals,Pro Mod,Q2,8,Right,Lyle Barnett,205,,0.035,1.019,4.522,7.958,71.77,10.666,13.184,85.16,1.019,3.503,3.436,2.708,2.518,5.226,13.39,no,60-330,20,18,,
Cornwell Quality Tools NHRA U.S. Nationals,Pro Mod,Q2,9,Left,Billy Banaka,2,,0.123,0.979,2.62,4.055,157.63,5.608,7.154,139.07,0.979,1.641,1.435,1.553,1.546,3.099,-18.56,no,330-660,15,14,13,
Cornwell Quality Tools NHRA U.S. Nationals,Pro Mod,Q2,9,Right,Mike Stavrinos,3,,0.091,0.966,3.288,6.261,73.83,9.523,12.786,65.24,0.966,2.322,2.973,3.262,3.263,6.525,-8.59,no,60-330,19,7,,
Cornwell Quality Tools NHRA U.S. Nationals,Pro Mod,Q2,10,Left,Kevin Rivenbark,225,,0.111,0.973,2.589,3.835,197.1,4.909,5.815,248.84,0.973,1.616,1.246,1.074,0.906,1.98,51.74,yes,,10,12,9,7
Cornwell Quality Tools NHRA U.S. Nationals,Pro Mod,Q2,10,Right,Justin Bond,6280,,0.055,0.978,2.57,3.798,200.26,4.856,5.747,252.95,0.978,1.592,1.228,1.058,0.891,1.949,52.69,yes,,1,13,5,1
Cornwell Quality Tools NHRA U.S. Nationals,Pro Mod,Q2,11,Left,Jason Collins,209,,0.041,0.965,2.57,3.835,190.27,4.9,5.806,248.61,0.965,1.605,1.265,1.065,0.906,1.971,58.34,yes,,5,5,6,8
Cornwell Quality Tools NHRA U.S. Nationals,Pro Mod,Q2,11,Right,Rickie Smith,43,,0.147,0.972,2.568,3.811,200.0,4.867,5.762,250.78,0.972,1.596,1.243,1.056,0.895,1.951,50.78,yes,,2,10,4,4
Cornwell Quality Tools NHRA U.S. Nationals,Pro Mod,Q3,1,Left,Derek Menholt,5,,0.051,0.986,2.65,3.919,190.46,4.996,5.912,245.67,0.986,1.664,1.269,1.077,0.916,1.993,55.21,yes,,10,14,13,12
Cornwell Quality Tools NHRA U.S. Nationals,Pro Mod,Q3,1,Right,Paul Daigrepont,260,,0.032,0.972,2.584,3.862,193.54,4.954,5.875,244.47,0.972,1.612,1.278,1.092,0.921,2.013,50.93,yes,,7,8,3,6
Cornwell Quality Tools NHRA U.S. Nationals,Pro Mod,Q3,2,Left,Tony Wilson,211,,0.081,0.99,2.736,4.086,187.96,5.258,6.56,152.68,0.99,1.746,1.35,1.172,1.302,2.474,-35.28,no,60-330,16,15,,
Cornwell Quality Tools NHRA U.S. Nationals,Pro Mod,Q3,2,Right,Lyle Barnett,205,,0.048,0.971,2.607,3.868,201.1,4.948,5.861,246.57,0.971,1.636,1.261,1.08,0.913,1.993,45.47,yes,,6,5,8,8
Cornwell Quality Tools NHRA U.S. Nationals,Pro Mod,Q3,3,Left,Shane Gray,54,,0.062,0.978,2.64,3.942,190.3,5.053,5.993,239.19,0.978,1.662,1.302,1.111,0.94,2.051,48.89,yes,,13,11,12,13
Cornwell Quality Tools NHRA U.S. Nationals,Pro Mod,Q3,3,Right,Mike Stavrinos,3,,0.036,0.963,3.077,5.741,82.41,8.66,11.574,73.12,0.963,2.114,2.664,2.919,2.914,5.833,-9.29,no,60-330,19,2,,
Cornwell Quality Tools NHRA U.S. Nationals,Pro Mod,Q3,4,Left,Billy Banaka,2,,0.098,0.981,2.62,3.891,195.08,4.97,5.876,249.16,0.981,1.639,1.271,1.079,0.906,1.985,54.08,yes,,8,13,11,11
Cornwell Quality Tools NHRA U.S. Nationals,Pro Mod,Q3,4,Right,Peter Norton,311,,0.464,1.167,2.836,4.113,192.52,5.212,6.152,232.03,1.167,1.669,1.277,1.099,0.94,2.039,39.51,no,0-60,14,,,
Cornwell Quality Tools NHRA U.S. Nationals,Pro Mod,Q3,5,Left,Stan Shelton,212,,0.107,0.968,2.768,4.873,103.37,7.204,9.514,92.66,0.968,1.8,2.105,2.331,2.31,4.641,-10.71,no,60-330,17,4,,
Cornwell Quality Tools NHRA U.S. Nationals,Pro Mod,Q3,5,Right,Mike Castellana,44,,0.058,0.971,3.131,5.839,81.44,8.774,11.666,74.09,0.971,2.16,2.708,2.935,2.892,5.827,-7.35,no,60-330,20,6,,
Cornwell Quality Tools NHRA U.S. Nationals,Pro Mod,Q3,6,Left,Chip King,9,,0.169,0.971,2.601,3.865,195.82,4.945,5.856,246.84,0.971,1.63,1.264,1.08,0.911,1.991,51.02,yes,,4,7,6,7
Cornwell Quality Tools NHRA U.S. Nationals,Pro Mod,Q3,6,Right,Alex Laughlin,40,,0.043,0.978,2.589,3.859,195.11,4.944,5.929,216.65,0.978,1.611,1.27,1.085,0.985,2.07,21.54,no,1000-1320,11,12,4,5
Cornwell Quality Tools NHRA U.S. Nationals,Pro Mod,Q3,7,Left,Kevin Rivenbark,225,,0.025,0.975,2.611,3.871,194.38,4.96,5.88,244.6,0.975,1.636,1.26,1.089,0.92,2.009,50.22,yes,,9,10,9,10
Cornwell Quality Tools NHRA U.S. Nationals,Pro Mod,Q3,7,Right,Mike Thielen,6911,,0.067,0.965,2.936,5.34,91.34,7.971,10.607,80.85,0.965,1.971,2.404,2.631,2.636,5.267,-10.49,no,60-330,18,3,,
Cornwell Quality Tools NHRA U.S. Nationals,Pro Mod,Q3,8,Left,Nick Januik,729,,0.068,0.995,2.66,3.946,192.71,5.04,5.958,245.72,0.995,1.665,1.286,1.094,0.918,2.012,53.01,yes,,12,17,14,14
Cornwell Quality Tools NHRA U.S. Nationals,Pro Mod,Q3,8,Right,JR Gray,1,,0.013,0.974,2.578,3.834,195.51,4.913,5.824,247.02,0.974,1.604,1.256,1.079,0.911,1.99,51.51,yes,,1,9,1,1
Cornwell Quality Tools NHRA U.S. Nationals,Pro Mod,Q3,9,Left,Sidnei Frigo,288,,0.051,0.992,2.596,3.855,195.51,4.934,5.842,247.84,0.992,1.604,1.259,1.079,0.908,1.987,52.33,yes,,3,16,5,3
Cornwell Quality Tools NHRA U.S. Nationals,Pro Mod,Q3,9,Right,Rickie Smith,43,,0.059,0.997,2.615,3.87,197.68,4.985,6.271,154.53,0.997,1.618,1.255,1.115,1.286,2.401,-43.15,no,1000-1320,15,19,10,9
Cornwell Quality Tools NHRA U.S. Nationals,Pro Mod,Q3,10,Left,Jason Collins,209,,0.027,0.96,2.578,3.839,193.18,4.921,5.837,246.03,0.96,1.618,1.261,1.082,0.916,1.998,52.85,yes,,2,1,2,2
Cornwell Quality Tools NHRA U.S. Nationals,Pro Mod,Q3,10,Right,Justin Bond,6280,,0.047,0.996,2.606,3.856,196.24,4.941,5.857,245.94,0.996,1.61,1.25,1.085,0.916,2.001,49.7,yes,,5,18,7,4
Cornwell Quality Tools NHRA U.S. Nationals,Pro Mod,Q4,1,Right,Jason Collins,209,,0.041,0.943,2.708,4.297,158.2,5.605,6.858,167.7,0.943,1.765,1.589,1.308,1.253,2.561,9.5,no,60-330,19,1,,
Cornwell Quality Tools NHRA U.S. Nationals,Pro Mod,Q4,2,Left,Peter Norton,311,,0.035,0.954,2.56,3.815,195.56,4.895,5.811,245.63,0.954,1.606,1.255,1.08,0.916,1.996,50.07,yes,,13,8,13,12
Cornwell Quality Tools NHRA U.S. Nationals,Pro Mod,Q4,2,Right,Tony Wilson,211,,0.047,0.968,2.543,3.761,201.46,4.812,5.71,249.39,0.968,1.575,1.218,1.051,0.898,1.949,47.93,yes,,3,16,6,3
Cornwell Quality Tools NHRA U.S. Nationals,Pro Mod,Q4,3,Left,Paul Daigrepont,260,,0.049,0.969,2.594,3.88,193.07,4.97,5.888,245.23,0.969,1.625,1.286,1.09,0.918,2.008,52.16,yes,,18,17,18,18
Cornwell Quality Tools NHRA U.S. Nationals,Pro Mod,Q4,3,Right,Stan Shelton,212,,0.085,0.957,2.573,3.801,202.09,4.858,5.749,252.43,0.957,1.616,1.228,1.057,0.891,1.948,50.34,yes,,9,12,16,11
Cornwell Quality Tools NHRA U.S. Nationals,Pro Mod,Q4,4,Left,Lyle Barnett,205,,0.003,0.949,2.554,3.797,195.82,4.845,5.742,250.51,0.949,1.605,1.243,1.048,0.897,1.945,54.69,yes,,8,3,9,10
Cornwell Quality Tools NHRA U.S. Nationals,Pro Mod,Q4,4,Right,Jimmy Widener,308W,,0.036,1.004,2.619,3.861,199.43,4.921,5.884,214.62,1.004,1.615,1.242,1.06,0.963,2.023,15.19,no,1000-1320,17,20,19,17
Cornwell Quality Tools NHRA U.S. Nationals,Pro Mod,Q4,5,Left,Mike Stavrinos,3,,0.071,0.952,2.531,3.769,199.82,4.826,5.72,251.95,0.952,1.579,1.238,1.057,0.894,1.951,52.13,yes,,4,7,4,4
Cornwell Quality Tools NHRA U.S. Nationals,Pro Mod,Q4,5,Right,Shane Gray,54,,0.013,0.943,2.557,3.83,194.94,4.916,5.836,244.25,0.943,1.614,1.273,1.086,0.92,2.006,49.31,yes,,15,2,10,15
Cornwell Quality Tools NHRA U.S. Nationals,Pro Mod,Q4,6,Left,Mike Castellana,44,,0.043,0.961,2.564,3.979,155.44,5.507,7.01,141.11,0.961,1.603,1.415,1.528,1.503,3.031,-14.33,no,330-660,20,13,14,
Cornwell Quality Tools NHRA U.S. Nationals,Pro Mod,Q4,6,Right,Derek Menholt,5,,0.039,0.949,2.542,3.774,199.08,4.836,5.732,251.34,0.949,1.593,1.232,1.062,0.896,1.958,52.26,yes,,5,4,5,6
Cornwell Quality Tools NHRA U.S. Nationals,Pro Mod,Q4,7,Left,Alex Laughlin,40,,0.064,0.964,2.557,3.819,196.39,4.896,5.812,244.65,0.964,1.593,1.262,1.077,0.916,1.993,48.26,yes,,14,15,11,13
Cornwell Quality Tools NHRA U.S. Nationals,Pro Mod,Q4,7,Right,Billy Banaka,2,,0.037,0.955,2.55,3.793,199.7,4.849,5.739,253.28,0.955,1.595,1.243,1.056,0.89,1.946,53.58,yes,,6,10,7,8
Cornwell Quality Tools NHRA U.S. Nationals,Pro Mod,Q4,8,Left,Mike Thielen,6911,,0.031,0.95,2.525,3.772,198.35,4.841,5.756,244.29,0.95,1.575,1.247,1.069,0.915,1.984,45.94,yes,,10,5,3,5
Cornwell Quality Tools NHRA U.S. Nationals,Pro Mod,Q4,8,Right,Chip King,9,,0.062,0.962,2.585,3.856,194.83,4.942,5.861,244.52,0.962,1.623,1.271,1.086,0.919,2.005,49.69,yes,,16,14,17,16
Cornwell Quality Tools NHRA U.S. Nationals,Pro Mod,Q4,9,Left,JR Gray,1,,0.011,0.95,2.509,3.745,200.08,4.801,5.693,252.76,0.95,1.559,1.236,1.056,0.892,1.948,52.68,yes,,2,6,1,2
Cornwell Quality Tools NHRA U.S. Nationals,Pro Mod,Q4,9,Right,Kevin Rivenbark,225,,-0.002,0.956,2.559,3.796,198.44,4.865,5.769,249.07,0.956,1.603,1.237,1.069,0.904,1.973,50.63,yes,,11,11,12,9
Cornwell Quality Tools NHRA U.S. Nationals,Pro Mod,Q4,10,Left,Rickie Smith,43,,-0.303,1.332,4.462,8.631,52.17,13.306,18.111,43.79,1.332,3.13,4.169,4.675,4.805,9.48,-8.38,no,0-60,21,,,
Cornwell Quality Tools NHRA U.S. Nationals,Pro Mod,Q4,10,Right,Nick Januik,729,,0.145,0.974,2.571,3.821,198.15,4.885,5.78,252.19,0.974,1.597,1.25,1.064,0.895,1.959,54.04,yes,,12,18,15,14
Cornwell Quality Tools NHRA U.S. Nationals,Pro Mod,Q4,11,Left,Justin Bond,6280,,0.035,0.954,2.516,3.727,204.29,4.772,5.654,255.0,0.954,1.562,1.211,1.045,0.882,1.927,50.71,yes,,1,9,2,1
Cornwell Quality Tools NHRA U.S. Nationals,Pro Mod,Q4,11,Right,Sidnei Frigo,288,,0.086,0.978,2.551,3.788,199.61,4.847,5.741,251.86,0.978,1.573,1.237,1.059,0.894,1.953,52.25,yes,,7,19,8,7
Cornwell Quality Tools NHRA U.S. Nationals,Pro Mod,E1,1,Left,Lyle Barnett,205,L,0.051,0.963,2.564,3.81,198.38,4.866,5.768,249.16,0.963,1.601,1.246,1.056,0.902,1.958,50.78,yes,,11,11,11,12
Cornwell Quality Tools NHRA U.S. Nationals,Pro Mod,E1,1,Right,Stan Shelton,212,W,0.021,0.957,2.564,3.795,201.37,4.853,5.748,251.3,0.957,1.607,1.231,1.058,0.895,1.953,49.93,yes,,8,7,12,9
Cornwell Quality Tools NHRA U.S. Nationals,Pro Mod,E1,2,Left,Sidnei Frigo,288,L,0.063,0.975,2.848,5.168,94.29,7.717,10.265,83.58,0.975,1.873,2.32,2.549,2.548,5.097,-10.71,no,60-330,16,16,,
Cornwell Quality Tools NHRA U.S. Nationals,Pro Mod,E1,2,Right,Mike Thielen,6911,W,0.014,0.952,2.523,3.767,199.23,4.831,5.739,246.35,0.952,1.571,1.244,1.064,0.908,1.972,47.12,yes,,5,4,2,6
Cornwell Quality Tools NHRA U.S. Nationals,Pro Mod,E1,3,Left,Justin Bond,6280,W,0.035,0.962,2.524,3.739,203.25,4.782,5.669,252.99,0.962,1.562,1.215,1.043,0.887,1.93,49.74,yes,,1,10,3,2
Cornwell Quality Tools NHRA U.S. Nationals,Pro Mod,E1,3,Right,Chip King,9,L,0.094,0.934,2.497,3.734,199.91,4.795,5.696,248.84,0.934,1.563,1.237,1.061,0.901,1.962,48.93,yes,,2,1,1,1
Cornwell Quality Tools NHRA U.S. Nationals,Pro Mod,E1,4,Left,Derek Menholt,5,W,0.014,0.951,2.543,3.776,198.64,4.84,5.739,249.95,0.951,1.592,1.233,1.064,0.899,1.963,51.31,yes,,6,3,8,7
Cornwell Quality Tools NHRA U.S. Nationals,Pro Mod,E1,4,Right,Kevin Rivenbark,225,L,0.246,0.972,2.569,3.804,198.64,4.869,5.772,249.07,0.972,1.597,1.235,1.065,0.903,1.968,50.43,yes,,12,14,13,11
Cornwell Quality Tools NHRA U.S. Nationals,Pro Mod,E1,5,Left,Billy Banaka,2,W,0.006,0.97,2.558,3.799,199.79,4.854,5.743,253.42,0.97,1.588,1.241,1.055,0.889,1.944,53.63,yes,,7,12,10,10
Cornwell Quality Tools NHRA U.S. Nationals,Pro Mod,E1,5,Right,Rickie Smith,43,L,0.059,0.956,2.527,3.757,201.91,4.805,5.696,251.63,0.956,1.571,1.23,1.048,0.891,1.939,49.72,yes,,3,6,5,3
Cornwell Quality Tools NHRA U.S. Nationals,Pro Mod,E1,6,Left,Alex Laughlin,40,L,0.03,0.973,2.705,4.023,184.4,5.114,6.039,242.89,0.973,1.732,1.318,1.091,0.925,2.016,58.49,no,60-330,14,15,,
Cornwell Quality Tools NHRA U.S. Nationals,Pro Mod,E1,6,Right,JR Gray,1,W,0.005,0.961,2.526,3.764,199.79,4.827,5.758,233.56,0.961,1.565,1.238,1.063,0.931,1.994,33.77,yes,,10,9,4,4
Cornwell Quality Tools NHRA U.S. Nationals,Pro Mod,E1,7,Left,Tony Wilson,211,L,0.06,0.971,2.6,3.821,192.33,5.101,6.381,164.97,0.971,1.629,1.221,1.28,1.28,2.56,-27.36,no,660-1000,15,13,14,14
Cornwell Quality Tools NHRA U.S. Nationals,Pro Mod,E1,7,Right,Peter Norton,311,W,0.027,0.95,2.534,3.777,197.94,4.846,5.751,248.29,0.95,1.584,1.243,1.069,0.905,1.974,50.35,yes,,9,2,7,8
Cornwell Quality Tools NHRA U.S. Nationals,Pro Mod,E1,8,Left,Nick Januik,729,L,0.065,0.959,2.557,3.816,197.62,4.88,5.775,251.63,0.959,1.598,1.259,1.064,0.895,1.959,54.01,yes,,13,8,9,13
Cornwell Quality Tools NHRA U.S. Nationals,Pro Mod,E1,8,Right,Mike Stavrinos,3,W,0.036,0.954,2.529,3.764,200.02,4.82,5.715,251.95,0.954,1.575,1.235,1.056,0.895,1.951,51.93,yes,,4,5,6,5
Cornwell Quality Tools NHRA U.S. Nationals,Pro Mod,E2,1,Left,Billy Banaka,2,W,0.037,0.954,2.539,3.783,199.08,4.841,5.732,252.19,0.954,1.585,1.244,1.058,0.891,1.949,53.11,yes,,4,5,4,4
Cornwell Quality Tools NHRA U.S. Nationals,Pro Mod,E2,1,Right,Peter Norton,311,L,0.023,0.949,2.539,3.794,196.67,4.868,5.775,248.43,0.949,1.59,1.255,1.074,0.907,1.981,51.76,yes,,6,2,5,6
Cornwell Quality Tools NHRA U.S. Nationals,Pro Mod,E2,2,Left,Mike Stavrinos,3,W,0.034,0.953,2.536,3.764,199.82,4.823,5.719,250.92,0.953,1.583,1.228,1.059,0.896,1.955,51.1,yes,,2,4,2,2
Cornwell Quality Tools NHRA U.S. Nationals,Pro Mod,E2,2,Right,Derek Menholt,5,L,0.041,0.95,2.536,3.789,186.59,5.068,6.354,164.39,0.95,1.586,1.253,1.279,1.286,2.565,-22.2,no,660-1000,7,3,3,5
Cornwell Quality Tools NHRA U.S. Nationals,Pro Mod,E2,3,Left,Justin Bond,6280,W,0.03,0.964,2.534,3.751,209.62,4.799,5.684,254.47,0.964,1.57,1.217,1.048,0.885,1.933,44.85,yes,,1,8,1,1
Cornwell Quality Tools NHRA U.S. Nationals,Pro Mod,E2,3,Right,Stan Shelton,212,L,0.014,0.958,2.566,3.806,200.14,4.854,5.745,253.28,0.958,1.608,1.24,1.048,0.891,1.939,53.14,yes,,5,6,7,7
Cornwell Quality Tools NHRA U.S. Nationals,Pro Mod,E2,4,Left,Mike Thielen,6911,L,0.039,0.947,2.725,4.83,104.62,7.119,9.391,94.05,0.947,1.778,2.105,2.289,2.272,4.561,-10.57,no,60-330,8,1,,
Cornwell Quality Tools NHRA U.S. Nationals,Pro Mod,E2,4,Right,JR Gray,1,W,0.047,0.961,2.539,3.768,200.23,4.825,5.729,245.0,0.961,1.578,1.229,1.057,0.904,1.961,44.77,yes,,3,7,6,3
Cornwell Quality Tools NHRA U.S. Nationals,Pro Mod,E3,1,Left,Justin Bond,6280,W,0.04,0.957,2.529,3.75,202.79,4.802,5.688,254.23,0.957,1.572,1.221,1.052,0.886,1.938,51.44,yes,,1,1,1,1
Cornwell Quality Tools NHRA U.S. Nationals,Pro Mod,E3,1,Right,Mike Stavrinos,3,L,0.023,0.972,2.55,3.789,197.31,4.923,6.02,195.96,0.972,1.578,1.239,1.134,1.097,2.231,-1.35,no,660-1000,3,4,3,3
Cornwell Quality Tools NHRA U.S. Nationals,Pro Mod,E3,2,Left,JR Gray,1,W,0.033,0.958,2.538,3.766,199.14,4.825,5.719,251.53,0.958,1.58,1.228,1.059,0.894,1.953,52.39,yes,,2,2,2,2
Cornwell Quality Tools NHRA U.S. Nationals,Pro Mod,E3,2,Right,Billy Banaka,2,L,-0.025,0.964,2.565,3.811,199.43,4.951,6.229,151.63,0.964,1.601,1.246,1.14,1.278,2.418,-47.8,no,660-1000,4,3,4,4
Cornwell Quality Tools NHRA U.S. Nationals,Pro Mod,E4,1,Left,Justin Bond,6280,L,0.036,0.96,2.541,3.795,197.19,4.863,5.759,251.72,0.96,1.581,1.254,1.068,0.896,1.964,54.53,yes,,2,2,2,2
Cornwell Quality Tools NHRA U.S. Nationals,Pro Mod,E4,1,Right,JR Gray,1,W,0.049,0.955,2.517,3.753,200.02,4.81,5.701,252.47,0.955,1.562,1.236,1.057,0.891,1.948,52.45,yes,,1,1,1,1
