Event,Class,Round,Pair,Lane,Driver,Car,Result,RT,60',330',660',660 MPH,1000',ET,MPH,Split 0-60,Split 60-330,Split 330-660,Split 660-1000,Back-half MPH gain,Clean run,Went away,ET rank,60' rank,330' rank,660' rank
Cornwell Quality Tools NHRA U.S. Nationals,Funny Car,Q1,1,Right,Justin Schriefer,3007,,0.123,0.889,2.289,3.482,183.44,,4.809,169.13,0.889,1.4,1.193,1.327,-14.31,no,330-660,18,7,7,
Cornwell Quality Tools NHRA U.S. Nationals,Funny Car,Q1,2,Left,Chris King,343,,0.075,0.914,2.317,3.289,258.52,,4.136,268.49,0.914,1.403,0.972,0.847,9.97,no,660-1000,13,17,14,13
Cornwell Quality Tools NHRA U.S. Nationals,Funny Car,Q1,2,Right,Terry Haddock,121,,0.117,0.897,2.553,4.6,107.83,,6.713,110.47,0.897,1.656,2.047,2.113,2.64,no,60-330,20,10,,
Cornwell Quality Tools NHRA U.S. Nationals,Funny Car,Q1,3,Left,Julie Nataas,8002,,0.101,0.93,2.374,3.41,218.83,,4.529,199.35,0.93,1.444,1.036,1.119,-19.48,no,330-660,15,20,20,
Cornwell Quality Tools NHRA U.S. Nationals,Funny Car,Q1,3,Right,Bobby Bode,3095,,0.08,0.884,2.296,3.689,154.92,,5.289,138.63,0.884,1.412,1.393,1.6,-16.29,no,330-660,19,5,10,
Cornwell Quality Tools NHRA U.S. Nationals,Funny Car,Q1,4,Left,Dylan Winefsky,7818,,0.139,0.953,2.402,3.379,262.64,,4.173,305.84,0.953,1.449,0.977,0.794,43.2,no,0-60,14,,,
Cornwell Quality Tools NHRA U.S. Nationals,Funny Car,Q1,4,Right,John Smith,241,,0.086,0.926,2.339,3.31,264.23,,99.999,307.65,0.926,1.413,0.971,96.689,43.42,no,660-1000,22,18,16,14
Cornwell Quality Tools NHRA U.S. Nationals,Funny Car,Q1,5,Left,Hunter Green,4494,,0.076,0.893,2.297,3.25,269.08,,99.999,294.24,0.893,1.404,0.953,96.749,25.16,no,660-1000,23,8,11,11
Cornwell Quality Tools NHRA U.S. Nationals,Funny Car,Q1,5,Right,Blake Alexander,256,,0.076,0.913,2.339,3.496,189.18,,4.793,171.99,0.913,1.426,1.157,1.297,-17.19,no,330-660,17,16,17,
Cornwell Quality Tools NHRA U.S. Nationals,Funny Car,Q1,6,Left,Jeff Arend,170,,0.093,0.928,2.366,3.334,266.16,,4.135,300.66,0.928,1.438,0.968,0.801,34.5,yes,,12,19,19,15
Cornwell Quality Tools NHRA U.S. Nationals,Funny Car,Q1,6,Right,Paul Lee,6,,0.049,0.934,2.363,3.472,198.64,,4.713,179.23,0.934,1.429,1.109,1.241,-19.41,no,330-660,16,22,18,
Cornwell Quality Tools NHRA U.S. Nationals,Funny Car,Q1,7,Left,Cruz Pedregon,71,,0.174,0.899,2.277,3.214,275.45,,3.97,319.98,0.899,1.378,0.937,0.756,44.53,yes,,5,13,4,5
Cornwell Quality Tools NHRA U.S. Nationals,Funny Car,Q1,7,Right,Dave Richards,139,,0.119,0.932,2.662,4.797,99.47,,7.361,85.08,0.932,1.73,2.135,2.564,-14.39,no,60-330,21,21,,
Cornwell Quality Tools NHRA U.S. Nationals,Funny Car,Q1,8,Left,Spencer Hyde,9,,0.078,0.901,2.317,3.253,276.75,,4.013,318.47,0.901,1.416,0.936,0.76,41.72,yes,,9,14,15,12
Cornwell Quality Tools NHRA U.S. Nationals,Funny Car,Q1,8,Right,Daniel Wilkerson,5,,0.069,0.898,2.294,3.222,278.17,,3.984,314.17,0.898,1.396,0.928,0.762,36.0,yes,,6,11,8,6
Cornwell Quality Tools NHRA U.S. Nationals,Funny Car,Q1,9,Left,Alexis DeJoria,771,,0.08,0.882,2.278,3.205,279.67,,3.947,329.26,0.882,1.396,0.927,0.742,49.59,yes,,4,4,5,4
Cornwell Quality Tools NHRA U.S. Nationals,Funny Car,Q1,9,Right,Chad Green,7,,0.062,0.901,2.312,3.245,276.58,,4.044,283.49,0.901,1.411,0.933,0.799,6.91,yes,,10,15,13,10
Cornwell Quality Tools NHRA U.S. Nationals,Funny Car,Q1,10,Left,Austin Prock,1,,0.059,0.868,2.246,3.177,275.84,,3.943,313.37,0.868,1.378,0.931,0.766,37.53,yes,,3,1,1,1
Cornwell Quality Tools NHRA U.S. Nationals,Funny Car,Q1,10,Right,Jack Beckman,3,,0.076,0.879,2.264,3.19,279.15,,3.937,326.79,0.879,1.385,0.926,0.747,47.64,yes,,1,2,2,2
Cornwell Quality Tools NHRA U.S. Nationals,Funny Car,Q1,11,Left,JR Todd,373,,0.084,0.898,2.294,3.242,273.22,,3.998,323.89,0.898,1.396,0.948,0.756,50.67,yes,,8,12,9,9
Cornwell Quality Tools NHRA U.S. Nationals,Funny Car,Q1,11,Right,Ron Capps,28,,0.095,0.881,2.268,3.196,280.37,,3.938,329.1,0.881,1.387,0.928,0.742,48.73,yes,,2,3,3,3
Cornwell Quality Tools NHRA U.S. Nationals,Funny Car,Q1,12,Left,Jordan Vandergriff,24,,0.082,0.887,2.284,3.232,269.89,,4.082,263.67,0.887,1.397,0.948,0.85,-6.22,no,660-1000,11,6,6,7
Cornwell Quality Tools NHRA U.S. Nationals,Funny Car,Q1,12,Right,Matt Hagan,14,,0.075,0.893,2.308,3.241,278.69,,3.988,326.4,0.893,1.415,0.933,0.747,47.71,yes,,7,9,12,8
Cornwell Quality Tools NHRA U.S. Nationals,Funny Car,Q2,1,Right,Dave Richards,139,,0.106,0.914,2.513,4.422,111.98,,6.69,95.96,0.914,1.599,1.909,2.268,-16.02,no,60-330,15,13,,
Cornwell Quality Tools NHRA U.S. Nationals,Funny Car,Q2,2,Left,Hunter Green,4494,,0.11,0.898,2.31,3.291,248.98,,4.267,228.11,0.898,1.412,0.981,0.976,-20.87,no,660-1000,8,5,3,3
Cornwell Quality Tools NHRA U.S. Nationals,Funny Car,Q2,2,Right,Terry Haddock,121,,0.096,0.931,3.378,6.072,84.46,,8.746,90.12,0.931,2.447,2.694,2.674,5.66,no,60-330,17,17,,
Cornwell Quality Tools NHRA U.S. Nationals,Funny Car,Q2,3,Left,Julie Nataas,8002,,0.106,0.921,2.394,3.405,258.37,,4.205,295.79,0.921,1.473,1.011,0.8,37.42,yes,,6,15,13,8
Cornwell Quality Tools NHRA U.S. Nationals,Funny Car,Q2,3,Right,Bobby Bode,3095,,0.099,0.894,2.315,3.708,158.5,,5.084,176.58,0.894,1.421,1.393,1.376,18.08,no,330-660,11,3,6,
Cornwell Quality Tools NHRA U.S. Nationals,Funny Car,Q2,4,Left,Dylan Winefsky,7818,,0.159,0.909,2.345,3.332,263.36,,4.119,308.43,0.909,1.436,0.987,0.787,45.07,yes,,3,11,10,6
Cornwell Quality Tools NHRA U.S. Nationals,Funny Car,Q2,4,Right,Blake Alexander,256,,0.084,0.946,3.423,6.213,82.93,,8.952,85.49,0.946,2.477,2.79,2.739,2.56,no,60-330,18,19,,
Cornwell Quality Tools NHRA U.S. Nationals,Funny Car,Q2,5,Right,Paul Lee,6,,0.088,0.904,2.341,3.337,261.27,,4.119,315.49,0.904,1.437,0.996,0.782,54.22,yes,,4,7,9,7
Cornwell Quality Tools NHRA U.S. Nationals,Funny Car,Q2,6,Left,Jeff Arend,170,,0.129,0.924,2.361,3.654,167.49,,5.13,150.13,0.924,1.437,1.293,1.476,-17.36,no,330-660,13,16,11,
Cornwell Quality Tools NHRA U.S. Nationals,Funny Car,Q2,6,Right,Chad Green,7,,0.071,0.907,2.314,3.273,268.44,,4.05,313.88,0.907,1.407,0.959,0.777,45.44,yes,,2,10,5,2
Cornwell Quality Tools NHRA U.S. Nationals,Funny Car,Q2,7,Left,Spencer Hyde,9,,0.094,0.934,3.349,6.203,73.01,,9.837,59.66,0.934,2.415,2.854,3.634,-13.35,no,60-330,19,18,,
Cornwell Quality Tools NHRA U.S. Nationals,Funny Car,Q2,7,Right,Daniel Wilkerson,5,,0.087,0.904,2.31,3.595,168.35,,5.115,136.63,0.904,1.406,1.285,1.52,-31.72,no,330-660,12,8,4,
Cornwell Quality Tools NHRA U.S. Nationals,Funny Car,Q2,8,Left,Cruz Pedregon,71,,0.083,0.914,2.763,5.261,85.25,,8.054,82.07,0.914,1.849,2.498,2.793,-3.18,no,60-330,16,14,,
Cornwell Quality Tools NHRA U.S. Nationals,Funny Car,Q2,8,Right,Ron Capps,28,,0.09,0.893,2.29,3.237,275.17,,4.003,315.64,0.893,1.397,0.947,0.766,40.47,yes,,1,2,1,1
Cornwell Quality Tools NHRA U.S. Nationals,Funny Car,Q2,9,Left,Alexis DeJoria,771,,0.139,0.913,2.337,3.321,259.56,,4.184,259.56,0.913,1.424,0.984,0.863,0.0,no,660-1000,5,12,8,5
Cornwell Quality Tools NHRA U.S. Nationals,Funny Car,Q2,9,Right,Jack Beckman,3,,-0.017,1.775,6.775,11.506,51.81,,15.539,61.38,1.775,5.0,4.731,4.033,9.57,no,0-60,20,,,
Cornwell Quality Tools NHRA U.S. Nationals,Funny Car,Q2,10,Left,JR Todd,373,,0.065,0.904,2.443,3.609,221.78,,4.538,264.55,0.904,1.539,1.166,0.929,42.77,no,60-330,9,9,,
Cornwell Quality Tools NHRA U.S. Nationals,Funny Car,Q2,10,Right,Jordan Vandergriff,24,,0.096,0.895,2.362,3.871,146.48,,5.427,148.1,0.895,1.467,1.509,1.556,1.62,no,330-660,14,4,12,
Cornwell Quality Tools NHRA U.S. Nationals,Funny Car,Q2,11,Left,Austin Prock,1,,0.07,0.891,2.295,3.311,233.64,,4.229,263.0,0.891,1.404,1.016,0.918,29.36,no,660-1000,7,1,2,4
Cornwell Quality Tools NHRA U.S. Nationals,Funny Car,Q2,11,Right,Matt Hagan,14,,0.068,0.901,2.322,3.556,176.35,,4.95,159.97,0.901,1.421,1.234,1.394,-16.38,no,330-660,10,6,7,
Cornwell Quality Tools NHRA U.S. Nationals,Funny Car,Q3,1,Left,Justin Schriefer,3007,,0.119,1.121,4.541,8.046,68.68,,11.153,77.96,1.121,3.42,3.505,3.107,9.28,no,0-60,18,,,
Cornwell Quality Tools NHRA U.S. Nationals,Funny Car,Q3,2,Left,Jack Beckman,3,,0.084,0.896,2.311,3.288,265.64,,4.077,305.63,0.896,1.415,0.977,0.789,39.99,yes,,12,9,11,13
Cornwell Quality Tools NHRA U.S. Nationals,Funny Car,Q3,3,Left,Dave Richards,139,,0.109,0.929,2.397,3.396,259.71,,4.196,303.71,0.929,1.468,0.999,0.8,44.0,yes,,17,17,17,17
Cornwell Quality Tools NHRA U.S. Nationals,Funny Car,Q3,3,Right,Chris King,343,,0.085,0.925,2.343,3.305,264.65,,4.112,287.96,0.925,1.418,0.962,0.807,23.31,yes,,14,15,14,14
Cornwell Quality Tools NHRA U.S. Nationals,Funny Car,Q3,4,Left,Jordan Vandergriff,24,,0.112,0.891,2.29,3.233,271.84,,4.002,315.49,0.891,1.399,0.943,0.769,43.65,yes,,6,6,6,6
Cornwell Quality Tools NHRA U.S. Nationals,Funny Car,Q3,4,Right,Spencer Hyde,9,,0.095,0.893,2.274,3.19,280.31,,3.944,319.45,0.893,1.381,0.916,0.754,39.14,yes,,3,7,3,3
Cornwell Quality Tools NHRA U.S. Nationals,Funny Car,Q3,5,Left,Daniel Wilkerson,5,,0.072,0.894,2.301,3.224,280.02,,3.974,321.96,0.894,1.407,0.923,0.75,41.94,yes,,4,8,8,4
Cornwell Quality Tools NHRA U.S. Nationals,Funny Car,Q3,6,Left,Bobby Bode,3095,,0.086,0.877,2.285,3.257,265.53,,4.134,252.52,0.877,1.408,0.972,0.877,-13.01,no,660-1000,16,2,5,9
Cornwell Quality Tools NHRA U.S. Nationals,Funny Car,Q3,6,Right,Jeff Arend,170,,0.12,0.905,2.309,3.276,263.67,,4.076,303.78,0.905,1.404,0.967,0.8,40.11,yes,,11,12,10,10
Cornwell Quality Tools NHRA U.S. Nationals,Funny Car,Q3,7,Left,Matt Hagan,14,,0.076,0.883,2.291,3.234,277.94,,3.979,327.59,0.883,1.408,0.943,0.745,49.65,yes,,5,3,7,7
Cornwell Quality Tools NHRA U.S. Nationals,Funny Car,Q3,7,Right,Hunter Green,4494,,0.121,0.905,2.319,3.277,270.21,,4.045,318.77,0.905,1.414,0.958,0.768,48.56,yes,,10,13,12,11
Cornwell Quality Tools NHRA U.S. Nationals,Funny Car,Q3,8,Left,Paul Lee,6,,0.066,0.903,2.324,3.28,272.45,,4.037,324.05,0.903,1.421,0.956,0.757,51.6,yes,,9,11,13,12
Cornwell Quality Tools NHRA U.S. Nationals,Funny Car,Q3,8,Right,Julie Nataas,8002,,0.078,0.92,2.37,3.317,275.22,,4.092,298.4,0.92,1.45,0.947,0.775,23.18,yes,,13,14,16,15
Cornwell Quality Tools NHRA U.S. Nationals,Funny Car,Q3,9,Left,Chad Green,7,,0.087,0.925,2.36,3.329,264.08,,4.121,307.65,0.925,1.435,0.969,0.792,43.57,yes,,15,16,15,16
Cornwell Quality Tools NHRA U.S. Nationals,Funny Car,Q3,9,Right,Alexis DeJoria,771,,0.098,0.89,2.277,3.227,266.58,,4.022,302.96,0.89,1.387,0.95,0.795,36.38,yes,,8,5,4,5
Cornwell Quality Tools NHRA U.S. Nationals,Funny Car,Q3,10,Left,Ron Capps,28,,0.115,0.884,2.26,3.18,282.6,,3.914,332.18,0.884,1.376,0.92,0.734,49.58,yes,,1,4,2,2
Cornwell Quality Tools NHRA U.S. Nationals,Funny Car,Q3,11,Left,Austin Prock,1,,0.061,0.874,2.248,3.166,283.37,,3.921,317.87,0.874,1.374,0.918,0.755,34.5,yes,,2,1,1,1
Cornwell Quality Tools NHRA U.S. Nationals,Funny Car,Q3,11,Right,JR Todd,373,,0.057,0.897,2.303,3.251,274.61,,4.006,325.06,0.897,1.406,0.948,0.755,50.45,yes,,7,10,9,8
Cornwell Quality Tools NHRA U.S. Nationals,Funny Car,Q4,1,Left,JR Todd,373,,0.072,0.9,2.302,3.235,278.46,,3.981,327.74,0.9,1.402,0.933,0.746,49.28,yes,,4,11,8,5
Cornwell Quality Tools NHRA U.S. Nationals,Funny Car,Q4,1,Right,Austin Prock,1,,0.064,0.889,2.267,3.213,260.86,,4.054,285.17,0.889,1.378,0.946,0.841,24.31,no,660-1000,5,5,2,2
Cornwell Quality Tools NHRA U.S. Nationals,Funny Car,Q4,2,Left,Ron Capps,28,,0.08,0.89,2.569,4.533,108.85,,6.82,99.19,0.89,1.679,1.964,2.287,-9.66,no,60-330,20,6,,
Cornwell Quality Tools NHRA U.S. Nationals,Funny Car,Q4,2,Right,Alexis DeJoria,771,,0.099,0.913,2.307,3.232,281.3,,3.971,330.15,0.913,1.394,0.925,0.739,48.85,yes,,2,19,10,4
Cornwell Quality Tools NHRA U.S. Nationals,Funny Car,Q4,3,Left,Jack Beckman,3,,0.091,0.882,2.264,3.334,226.01,,4.253,252.14,0.882,1.382,1.07,0.919,26.13,no,330-660,12,2,1,
Cornwell Quality Tools NHRA U.S. Nationals,Funny Car,Q4,3,Right,Chad Green,7,,0.059,0.911,2.91,4.737,116.33,,6.931,98.97,0.911,1.999,1.827,2.194,-17.36,no,60-330,21,17,,
Cornwell Quality Tools NHRA U.S. Nationals,Funny Car,Q4,4,Left,Matt Hagan,14,,0.057,0.887,2.28,3.21,280.43,,3.947,331.77,0.887,1.393,0.93,0.737,51.34,yes,,1,4,5,1
Cornwell Quality Tools NHRA U.S. Nationals,Funny Car,Q4,4,Right,Spencer Hyde,9,,0.102,0.895,2.293,3.226,279.15,,3.976,325.22,0.895,1.398,0.933,0.75,46.07,yes,,3,9,6,3
Cornwell Quality Tools NHRA U.S. Nationals,Funny Car,Q4,5,Left,John Smith,241,,0.092,0.91,2.321,3.301,264.55,,4.089,305.36,0.91,1.411,0.98,0.788,40.81,yes,,7,16,13,10
Cornwell Quality Tools NHRA U.S. Nationals,Funny Car,Q4,6,Left,Terry Haddock,121,,0.099,0.904,2.385,3.751,160.06,,5.306,141.95,0.904,1.481,1.366,1.555,-18.11,no,330-660,18,15,19,
Cornwell Quality Tools NHRA U.S. Nationals,Funny Car,Q4,7,Left,Blake Alexander,256,,0.11,0.902,2.315,3.288,264.03,,4.115,275.39,0.902,1.413,0.973,0.827,11.36,yes,,9,14,11,8
Cornwell Quality Tools NHRA U.S. Nationals,Funny Car,Q4,8,Left,Justin Schriefer,3007,,0.161,0.901,2.317,3.343,245.49,,4.188,292.46,0.901,1.416,1.026,0.845,46.97,no,330-660,10,13,12,
Cornwell Quality Tools NHRA U.S. Nationals,Funny Car,Q4,8,Right,Cruz Pedregon,71,,0.114,0.92,2.348,3.291,275.22,,4.054,317.05,0.92,1.428,0.943,0.763,41.83,yes,,6,21,17,9
Cornwell Quality Tools NHRA U.S. Nationals,Funny Car,Q4,9,Left,Dave Richards,139,,0.152,0.89,2.48,4.202,130.96,,6.063,118.19,0.89,1.59,1.722,1.861,-12.77,no,60-330,19,7,,
Cornwell Quality Tools NHRA U.S. Nationals,Funny Car,Q4,9,Right,Dylan Winefsky,7818,,0.173,0.922,2.352,3.386,231.95,,4.442,210.01,0.922,1.43,1.034,1.056,-21.94,no,330-660,13,22,18,
Cornwell Quality Tools NHRA U.S. Nationals,Funny Car,Q4,10,Left,Bobby Bode,3095,,0.089,0.891,2.299,3.271,260.51,,4.098,278.58,0.891,1.408,0.972,0.827,18.07,yes,,8,8,7,6
Cornwell Quality Tools NHRA U.S. Nationals,Funny Car,Q4,10,Right,Julie Nataas,8002,,0.099,0.916,2.325,3.351,229.63,,99.999,216.1,0.916,1.409,1.026,96.648,-13.53,no,330-660,23,20,14,
Cornwell Quality Tools NHRA U.S. Nationals,Funny Car,Q4,11,Left,Paul Lee,6,,0.075,0.9,2.304,3.274,256.8,,4.212,237.46,0.9,1.404,0.97,0.938,-19.34,no,660-1000,11,12,9,7
Cornwell Quality Tools NHRA U.S. Nationals,Funny Car,Q4,11,Right,Chris King,343,,0.08,0.967,3.363,6.364,75.84,,9.325,78.36,0.967,2.396,3.001,2.961,2.52,no,0-60,22,,,
Cornwell Quality Tools NHRA U.S. Nationals,Funny Car,Q4,12,Left,Jordan Vandergriff,24,,0.126,0.881,2.272,3.37,202.61,,4.588,183.24,0.881,1.391,1.098,1.218,-19.37,no,330-660,14,1,3,
Cornwell Quality Tools NHRA U.S. Nationals,Funny Car,Q4,12,Right,Jeff Arend,170,,0.106,0.912,2.326,3.432,202.24,,4.654,182.03,0.912,1.414,1.106,1.222,-20.21,no,330-660,16,18,16,
Cornwell Quality Tools NHRA U.S. Nationals,Funny Car,Q4,13,Left,Daniel Wilkerson,5,,0.073,0.885,2.275,3.507,175.73,,4.916,157.19,0.885,1.39,1.232,1.409,-18.54,no,330-660,17,3,4,
Cornwell Quality Tools NHRA U.S. Nationals,Funny Car,Q4,13,Right,Hunter Green,4494,,0.128,0.898,2.325,3.407,206.95,,4.602,186.18,0.898,1.427,1.082,1.195,-20.77,no,330-660,15,10,15,
Cornwell Quality Tools NHRA U.S. Nationals,Funny Car,Q5,1,Right,Terry Haddock,121,,0.14,0.918,2.342,3.557,182.53,,4.922,162.22,0.918,1.424,1.215,1.365,-20.31,no,330-660,17,18,14,
Cornwell Quality Tools NHRA U.S. Nationals,Funny Car,Q5,2,Left,Julie Nataas,8002,,0.135,0.918,2.355,3.317,269.24,,4.089,309.7,0.918,1.437,0.962,0.772,40.46,yes,,8,19,16,12
Cornwell Quality Tools NHRA U.S. Nationals,Funny Car,Q5,2,Right,Dave Richards,139,,0.127,0.921,2.358,3.342,262.54,,4.13,312.42,0.921,1.437,0.984,0.788,49.88,yes,,10,20,17,14
Cornwell Quality Tools NHRA U.S. Nationals,Funny Car,Q5,3,Left,Dylan Winefsky,7818,,0.119,0.913,2.353,3.341,262.95,,4.13,305.29,0.913,1.44,0.988,0.789,42.34,yes,,11,17,15,13
Cornwell Quality Tools NHRA U.S. Nationals,Funny Car,Q5,3,Right,Justin Schriefer,3007,,0.353,0.904,2.307,3.289,256.06,,4.124,278.81,0.904,1.403,0.982,0.835,22.75,no,660-1000,9,15,10,10
Cornwell Quality Tools NHRA U.S. Nationals,Funny Car,Q5,4,Right,Blake Alexander,256,,3.386,0.907,2.316,3.301,251.49,,4.258,232.47,0.907,1.409,0.985,0.957,-19.02,no,660-1000,14,16,11,11
Cornwell Quality Tools NHRA U.S. Nationals,Funny Car,Q5,5,Right,Bobby Bode,3095,,0.09,0.888,2.316,3.323,253.61,,4.181,264.75,0.888,1.428,1.007,0.858,11.14,no,330-660,13,7,12,
Cornwell Quality Tools NHRA U.S. Nationals,Funny Car,Q5,6,Left,Hunter Green,4494,,0.099,0.903,2.305,3.25,272.06,,4.024,313.95,0.903,1.402,0.945,0.774,41.89,yes,,7,14,9,7
Cornwell Quality Tools NHRA U.S. Nationals,Funny Car,Q5,7,Left,Chad Green,7,,0.055,0.888,2.29,3.239,273.88,,4.002,317.87,0.888,1.402,0.949,0.763,43.99,yes,,5,8,7,6
Cornwell Quality Tools NHRA U.S. Nationals,Funny Car,Q5,7,Right,Paul Lee,6,,0.081,0.887,2.28,3.232,263.87,,4.134,247.11,0.887,1.393,0.952,0.902,-16.76,no,660-1000,12,6,3,4
Cornwell Quality Tools NHRA U.S. Nationals,Funny Car,Q5,8,Left,Cruz Pedregon,71,,0.129,0.888,2.359,4.021,128.57,,5.985,111.21,0.888,1.471,1.662,1.964,-17.36,no,330-660,18,9,18,
Cornwell Quality Tools NHRA U.S. Nationals,Funny Car,Q5,8,Right,Jordan Vandergriff,24,,0.076,0.882,2.272,3.204,278.69,,3.948,327.59,0.882,1.39,0.932,0.744,48.9,yes,,2,2,2,2
Cornwell Quality Tools NHRA U.S. Nationals,Funny Car,Q5,9,Left,Alexis DeJoria,771,,0.107,0.898,2.317,3.262,275.28,,4.01,326.87,0.898,1.419,0.945,0.748,51.59,yes,,6,12,13,8
Cornwell Quality Tools NHRA U.S. Nationals,Funny Car,Q5,9,Right,JR Todd,373,,0.092,0.899,2.422,4.172,122.43,,6.226,106.72,0.899,1.523,1.75,2.054,-15.71,no,60-330,20,13,,
Cornwell Quality Tools NHRA U.S. Nationals,Funny Car,Q5,10,Left,Spencer Hyde,9,,0.05,0.892,2.294,3.233,278.46,,3.982,325.45,0.892,1.402,0.939,0.749,46.99,yes,,4,11,8,5
Cornwell Quality Tools NHRA U.S. Nationals,Funny Car,Q5,10,Right,Daniel Wilkerson,5,,0.075,0.886,2.285,3.394,197.97,,4.645,177.56,0.886,1.399,1.109,1.251,-20.41,no,330-660,16,3,4,
Cornwell Quality Tools NHRA U.S. Nationals,Funny Car,Q5,11,Left,Austin Prock,1,,0.055,0.88,2.428,4.082,130.62,,6.009,113.51,0.88,1.548,1.654,1.927,-17.11,no,60-330,19,1,,
Cornwell Quality Tools NHRA U.S. Nationals,Funny Car,Q5,11,Right,Ron Capps,28,,0.083,0.886,2.268,3.195,280.43,,3.936,329.34,0.886,1.382,0.927,0.741,48.91,yes,,1,4,1,1
Cornwell Quality Tools NHRA U.S. Nationals,Funny Car,Q5,12,Left,Jack Beckman,3,,0.068,0.886,2.287,3.225,275.73,,3.98,323.19,0.886,1.401,0.938,0.755,47.46,yes,,3,5,5,3
Cornwell Quality Tools NHRA U.S. Nationals,Funny Car,Q5,12,Right,Matt Hagan,14,,0.042,0.889,2.287,3.286,237.84,,4.29,227.19,0.889,1.398,0.999,1.004,-10.65,no,660-1000,15,10,6,9
Cornwell Quality Tools NHRA U.S. Nationals,Funny Car,E1,1,Left,Spencer Hyde,9,L,0.077,0.877,2.252,3.21,252.8,,4.119,252.57,0.877,1.375,0.958,0.909,-0.23,no,660-1000,13,3,2,10
Cornwell Quality Tools NHRA U.S. Nationals,Funny Car,E1,1,Right,Paul Lee,6,W,0.056,0.885,2.258,3.182,280.66,,3.925,326.87,0.885,1.373,0.924,0.743,46.21,yes,,7,7,5,7
Cornwell Quality Tools NHRA U.S. Nationals,Funny Car,E1,2,Left,Jack Beckman,3,W,0.069,0.875,2.24,3.148,284.62,,3.885,328.94,0.875,1.365,0.908,0.737,44.32,yes,,1,1,1,1
Cornwell Quality Tools NHRA U.S. Nationals,Funny Car,E1,2,Right,Jeff Arend,170,L,0.094,0.909,2.321,3.259,276.07,,4.019,320.28,0.909,1.412,0.938,0.76,44.21,yes,,12,14,15,13
Cornwell Quality Tools NHRA U.S. Nationals,Funny Car,E1,3,Left,Austin Prock,1,W,0.057,0.885,2.264,3.181,283.91,,3.917,330.15,0.885,1.379,0.917,0.736,46.24,yes,,5,8,7,5
Cornwell Quality Tools NHRA U.S. Nationals,Funny Car,E1,3,Right,Julie Nataas,8002,L,0.087,0.914,2.314,3.371,213.1,,4.515,195.85,0.914,1.4,1.057,1.144,-17.25,no,330-660,14,15,14,
Cornwell Quality Tools NHRA U.S. Nationals,Funny Car,E1,4,Left,Ron Capps,28,W,0.081,0.88,2.258,3.175,283.67,,3.908,333.66,0.88,1.378,0.917,0.733,49.99,yes,,2,4,6,2
Cornwell Quality Tools NHRA U.S. Nationals,Funny Car,E1,4,Right,John Smith,241,L,0.063,0.96,2.412,3.535,202.55,,4.759,181.74,0.96,1.452,1.123,1.224,-20.81,no,0-60,15,,,
Cornwell Quality Tools NHRA U.S. Nationals,Funny Car,E1,5,Left,Matt Hagan,14,W,0.068,0.881,2.252,3.181,280.08,,3.917,333.25,0.881,1.371,0.929,0.736,53.17,yes,,6,6,3,6
Cornwell Quality Tools NHRA U.S. Nationals,Funny Car,E1,5,Right,Hunter Green,4494,L,0.12,0.907,2.31,3.247,277.09,,4.002,322.65,0.907,1.403,0.937,0.755,45.56,yes,,11,13,13,12
Cornwell Quality Tools NHRA U.S. Nationals,Funny Car,E1,6,Left,Alexis DeJoria,771,W,0.077,0.896,2.27,3.191,280.6,,3.937,326.16,0.896,1.374,0.921,0.746,45.56,yes,,8,12,10,8
Cornwell Quality Tools NHRA U.S. Nationals,Funny Car,E1,6,Right,Chad Green,7,L,0.064,0.88,2.288,3.223,277.6,,3.977,321.73,0.88,1.408,0.935,0.754,44.13,yes,,10,5,12,11
Cornwell Quality Tools NHRA U.S. Nationals,Funny Car,E1,7,Left,Jordan Vandergriff,24,W,0.044,0.894,2.266,3.176,284.75,,3.908,331.61,0.894,1.372,0.91,0.732,46.86,yes,,3,11,8,3
Cornwell Quality Tools NHRA U.S. Nationals,Funny Car,E1,7,Right,JR Todd,373,L,0.058,0.89,2.267,3.179,284.99,,3.908,336.07,0.89,1.377,0.912,0.729,51.08,yes,,4,10,9,4
Cornwell Quality Tools NHRA U.S. Nationals,Funny Car,E1,8,Left,Cruz Pedregon,71,L,0.156,0.875,2.257,3.564,164.87,,5.071,145.63,0.875,1.382,1.307,1.507,-19.24,no,330-660,16,2,4,
Cornwell Quality Tools NHRA U.S. Nationals,Funny Car,E1,8,Right,Daniel Wilkerson,5,W,0.081,0.887,2.274,3.196,281.66,,3.942,324.59,0.887,1.387,0.922,0.746,42.93,yes,,9,9,11,9
Cornwell Quality Tools NHRA U.S. Nationals,Funny Car,E2,1,Left,Matt Hagan,14,W,0.065,0.889,2.281,3.218,278.12,,3.959,330.96,0.889,1.392,0.937,0.741,52.84,yes,,3,3,3,3
Cornwell Quality Tools NHRA U.S. Nationals,Funny Car,E2,1,Right,Paul Lee,6,L,0.065,0.905,2.307,3.253,274.89,,4.007,323.66,0.905,1.402,0.946,0.754,48.77,yes,,5,7,5,5
Cornwell Quality Tools NHRA U.S. Nationals,Funny Car,E2,2,Left,Ron Capps,28,W,0.086,0.894,2.292,3.233,275.62,,3.989,320.97,0.894,1.398,0.941,0.756,45.35,yes,,4,5,4,4
Cornwell Quality Tools NHRA U.S. Nationals,Funny Car,E2,2,Right,Daniel Wilkerson,5,L,0.059,1.288,3.77,5.623,115.36,,7.835,98.32,1.288,2.482,1.853,2.212,-17.04,no,0-60,8,,,
Cornwell Quality Tools NHRA U.S. Nationals,Funny Car,E2,3,Left,Jack Beckman,3,W,0.075,0.875,2.259,3.183,279.79,,3.924,329.75,0.875,1.384,0.924,0.741,49.96,yes,,1,1,1,1
Cornwell Quality Tools NHRA U.S. Nationals,Funny Car,E2,3,Right,Alexis DeJoria,771,L,0.093,0.89,2.31,3.712,154.09,,5.323,137.44,0.89,1.42,1.402,1.611,-16.65,no,330-660,7,4,7,
Cornwell Quality Tools NHRA U.S. Nationals,Funny Car,E2,4,Left,Jordan Vandergriff,24,L,0.073,0.888,2.308,3.278,267.37,,4.055,314.46,0.888,1.42,0.97,0.777,47.09,yes,,6,2,6,6
Cornwell Quality Tools NHRA U.S. Nationals,Funny Car,E2,4,Right,Austin Prock,1,W,0.049,0.896,2.274,3.196,283.55,,3.935,328.86,0.896,1.378,0.922,0.739,45.31,yes,,2,6,2,2
Cornwell Quality Tools NHRA U.S. Nationals,Funny Car,E3,1,Left,Matt Hagan,14,W,0.04,0.912,2.32,3.271,274.11,,4.02,327.35,0.912,1.408,0.951,0.749,53.24,yes,,2,2,2,2
Cornwell Quality Tools NHRA U.S. Nationals,Funny Car,E3,1,Right,Ron Capps,28,L,0.071,0.952,3.55,6.422,81.51,,9.5,69.72,0.952,2.598,2.872,3.078,-11.79,no,60-330,3,3,,
Cornwell Quality Tools NHRA U.S. Nationals,Funny Car,E3,2,Left,Jack Beckman,3,W,0.074,0.888,2.281,3.216,277.89,,3.962,327.35,0.888,1.393,0.935,0.746,49.46,yes,,1,1,1,1
Cornwell Quality Tools NHRA U.S. Nationals,Funny Car,E3,2,Right,Austin Prock,1,L,0.067,1.055,4.088,7.45,67.63,,10.328,83.63,1.055,3.033,3.362,2.878,16.0,no,0-60,4,,,
Cornwell Quality Tools NHRA U.S. Nationals,Funny Car,E4,1,Left,Jack Beckman,3,W,0.055,0.888,2.277,3.217,276.24,,3.965,327.35,0.888,1.389,0.94,0.748,51.11,yes,,1,1,1,1
Cornwell Quality Tools NHRA U.S. Nationals,Funny Car,E4,1,Right,Matt Hagan,14,L,0.056,0.897,2.308,3.269,272.39,,4.03,318.84,0.897,1.411,0.961,0.761,46.45,yes,,2,2,2,2
